ID_CLIENTE,NOME_CLIENTE,TRANSCRICAO_LIGACAO_CLIENTE,DATETIME_TRANSCRICAO_LIGACAO
CLI001,Priscila Lima,"Atendente: Central de Relacionamento, como posso ajudar? Cliente: Estou com problema na minha internet, está muito lenta. Atendente: Entendo, o senhor já reiniciou o modem? Cliente: Já fiz de tudo e nada resolve, faz uma semana que está assim. Cliente: Isso é o que todos dizem.",2025-08-27 14:02:01
CLI001,Priscila Lima,"Atendente: Suporte técnico, boa tarde. Cliente: Minha internet caiu de novo. Atendente: Vou verificar o sinal na sua região. Cliente: Não adianta verificar, eu quero que alguém venha aqui resolver de vez, não aguento mais essa instabilidade. Cliente: Vou pensar melhor no que fazer.",2025-09-13 11:14:32
CLI001,Priscila Lima,"Atendente: Como posso auxiliar hoje? Cliente: É a terceira vez que ligo pelo mesmo motivo técnico. Atendente: Sinto muito pelo transtorno, vamos abrir um novo chamado. Cliente: Se não resolverem hoje, eu vou cancelar o contrato. Cliente: Isso é o que todos dizem.",2025-10-21 08:35:12
CLI001,Priscila Lima,"Atendente: Boa tarde, em que posso ajudar? Cliente: Minha conexão está caindo toda hora durante o meu home office. Atendente: Posso agendar uma visita técnica? Cliente: Já vieram aqui e disseram que estava ok, mas continua caindo. Estou sendo prejudicado no trabalho.",2025-10-24 18:44:34
CLI001,Priscila Lima,"Atendente: Central de Relacionamento, como posso ajudar? Cliente: Estou com problema na minha internet, está muito lenta. Atendente: Entendo, o senhor já reiniciou o modem? Cliente: Já fiz de tudo e nada resolve, faz uma semana que está assim. Atendente: O protocolo é 202511098. Cliente: Ok, anotado.",2025-11-04 11:28:37
CLI001,Priscila Lima,"Atendente: Suporte técnico, boa tarde. Cliente: Minha internet caiu de novo. Atendente: Vou verificar o sinal na sua região. Cliente: Não adianta verificar, eu quero que alguém venha aqui resolver de vez, não aguento mais essa instabilidade. Cliente: Aguardo uma solução até amanhã.",2025-11-08 08:48:51
CLI001,Priscila Lima,"Atendente: Como posso auxiliar hoje? Cliente: É a terceira vez que ligo pelo mesmo motivo técnico. Atendente: Sinto muito pelo transtorno, vamos abrir um novo chamado. Cliente: Se não resolverem hoje, eu vou cancelar o contrato. Atendente: Posso ajudar em algo mais? Cliente: Por enquanto é só.",2025-11-10 19:27:21
CLI002,Beatriz Costa,"Atendente: Setor financeiro, boa tarde. Cliente: Recebi minha fatura com um valor absurdo este mês. Atendente: Vou verificar os detalhes. Cliente: Tem cobranças de serviços que eu nunca contratei, exijo o estorno. Cliente: Aguardo uma solução até amanhã.",2025-10-09 17:16:51
CLI002,Beatriz Costa,Atendente: Como posso ajudar com sua conta? Cliente: Minha mensalidade subiu do nada. Atendente: Houve um reajuste anual previsto em contrato. Cliente: Ninguém me avisou de 30% de aumento. Outras operadoras são bem mais baratas. Cliente: Vou pensar melhor no que fazer.,2025-10-12 19:29:34
CLI002,Beatriz Costa,"Atendente: Central de cobrança, bom dia. Cliente: Estou ligando porque minha fatura veio errada de novo. Atendente: Deixe-me analisar o histórico. Cliente: Já é o segundo mês seguido com o mesmo erro. Assim fica difícil continuar com vocês. Cliente: Vou pensar melhor no que fazer.",2025-11-14 14:05:35
CLI002,Beatriz Costa,"Atendente: Boa tarde, como posso ajudar? Cliente: Quero cancelar o plano pois o valor está muito alto. Atendente: Podemos ver um desconto? Cliente: Não quero desconto, quero que parem de cobrar taxas indevidas que eu não solicitei. Cliente: Aguardo uma solução até amanhã.",2025-11-15 18:39:56
CLI003,Rafael Oliveira,"Atendente: Boa tarde, como posso ajudar? Cliente: Vou me mudar e quero levar meu plano. Atendente: Qual o novo CEP? Cliente: É no interior, vocês atendem lá? Atendente: Infelizmente não temos cobertura nessa região. Cliente: Então vou ter que cancelar infelizmente. Atendente: Posso ajudar em algo mais? Cliente: Por enquanto é só.",2025-08-15 12:05:54
CLI003,Rafael Oliveira,"Atendente: Central de vendas, boa tarde. Cliente: Preciso transferir meu endereço. Atendente: Verificando disponibilidade... Cliente: E se não tiver cobertura? Atendente: Nesse caso, procedemos com o cancelamento. Cliente: Poxa, eu gostava do serviço, mas preciso da internet no novo local. Atendente: Posso ajudar em algo mais? Cliente: Por enquanto é só.",2025-10-30 09:24:17
CLI003,Rafael Oliveira,"Atendente: Boa tarde, como posso ajudar? Cliente: Vou me mudar e quero levar meu plano. Atendente: Qual o novo CEP? Cliente: É no interior, vocês atendem lá? Atendente: Infelizmente não temos cobertura nessa região. Cliente: Então vou ter que cancelar infelizmente. Atendente: O protocolo é 202511098. Cliente: Ok, anotado.",2025-11-02 18:53:23
CLI004,Fernando Oliveira,"Atendente: Boa tarde, como posso ajudar? Cliente: Estou ligando para reclamar do atendimento que recebi ontem. Atendente: O que aconteceu? Cliente: O atendente foi grosseiro e desligou o telefone na minha cara. Cliente: Vou pensar melhor no que fazer.",2025-08-13 17:40:10
CLI004,Fernando Oliveira,"Atendente: Central de atendimento, em que posso ser útil? Cliente: Estou há mais de uma hora esperando para ser transferido. Atendente: Pedimos desculpas pela demora. Cliente: É um desrespeito com o consumidor, parece que vocês não querem resolver o problema. Cliente: Isso é o que todos dizem.",2025-08-18 19:15:10
CLI004,Fernando Oliveira,"Atendente: Olá, como posso auxiliar? Cliente: Preciso falar com um supervisor urgente. Atendente: Posso tentar resolver primeiro? Cliente: Não, já expliquei meu caso para cinco pessoas diferentes hoje e ninguém faz nada. Atendente: O protocolo é 202511098. Cliente: Ok, anotado.",2025-10-05 14:17:59
CLI005,Priscila Carvalho,"Atendente: Setor financeiro, boa tarde. Cliente: Recebi minha fatura com um valor absurdo este mês. Atendente: Vou verificar os detalhes. Cliente: Tem cobranças de serviços que eu nunca contratei, exijo o estorno. Atendente: Posso ajudar em algo mais? Cliente: Por enquanto é só.",2025-09-29 17:56:45
CLI005,Priscila Carvalho,Atendente: Como posso ajudar com sua conta? Cliente: Minha mensalidade subiu do nada. Atendente: Houve um reajuste anual previsto em contrato. Cliente: Ninguém me avisou de 30% de aumento. Outras operadoras são bem mais baratas. Cliente: Aguardo uma solução até amanhã.,2025-10-10 11:41:31
CLI005,Priscila Carvalho,"Atendente: Central de cobrança, bom dia. Cliente: Estou ligando porque minha fatura veio errada de novo. Atendente: Deixe-me analisar o histórico. Cliente: Já é o segundo mês seguido com o mesmo erro. Assim fica difícil continuar com vocês. Atendente: O protocolo é 202511098. Cliente: Ok, anotado.",2025-10-16 18:29:09
CLI005,Priscila Carvalho,"Atendente: Boa tarde, como posso ajudar? Cliente: Quero cancelar o plano pois o valor está muito alto. Atendente: Podemos ver um desconto? Cliente: Não quero desconto, quero que parem de cobrar taxas indevidas que eu não solicitei. Cliente: Aguardo uma solução até amanhã.",2025-10-21 10:15:47
CLI005,Priscila Carvalho,"Atendente: Setor financeiro, boa tarde. Cliente: Recebi minha fatura com um valor absurdo este mês. Atendente: Vou verificar os detalhes. Cliente: Tem cobranças de serviços que eu nunca contratei, exijo o estorno. Cliente: Isso é o que todos dizem.",2025-11-11 16:16:47
CLI005,Priscila Carvalho,Atendente: Como posso ajudar com sua conta? Cliente: Minha mensalidade subiu do nada. Atendente: Houve um reajuste anual previsto em contrato. Cliente: Ninguém me avisou de 30% de aumento. Outras operadoras são bem mais baratas. Cliente: Isso é o que todos dizem.,2025-11-12 14:57:37
CLI005,Priscila Carvalho,"Atendente: Central de cobrança, bom dia. Cliente: Estou ligando porque minha fatura veio errada de novo. Atendente: Deixe-me analisar o histórico. Cliente: Já é o segundo mês seguido com o mesmo erro. Assim fica difícil continuar com vocês. Atendente: O protocolo é 202511098. Cliente: Ok, anotado.",2025-11-15 13:14:08
CLI006,Camila Gomes,"Atendente: Central de Relacionamento, como posso ajudar? Cliente: Estou com problema na minha internet, está muito lenta. Atendente: Entendo, o senhor já reiniciou o modem? Cliente: Já fiz de tudo e nada resolve, faz uma semana que está assim.",2025-10-14 10:50:43
CLI006,Camila Gomes,"Atendente: Suporte técnico, boa tarde. Cliente: Minha internet caiu de novo. Atendente: Vou verificar o sinal na sua região. Cliente: Não adianta verificar, eu quero que alguém venha aqui resolver de vez, não aguento mais essa instabilidade. Atendente: O protocolo é 202511098. Cliente: Ok, anotado.",2025-10-19 17:04:24
CLI007,Mônica Silva,"Atendente: Central de relacionamento, boa tarde. Cliente: Quero cancelar meu plano hoje. Atendente: Qual seria o motivo? Cliente: A outra operadora instalou fibra na minha rua e o serviço deles é muito superior ao de vocês. Cliente: Aguardo uma solução até amanhã.",2025-08-26 14:10:29
CLI007,Mônica Silva,Atendente: Como posso ajudar? Cliente: Recebi uma proposta da concorrência com o dobro da velocidade. Atendente: Qual o valor oferecido? Cliente: Eles oferecem fibra por um preço muito menor do que eu pago aqui há anos. Cliente: Aguardo uma solução até amanhã.,2025-08-26 18:21:07
CLI007,Mônica Silva,"Atendente: Boa tarde, em que posso ser útil? Cliente: Vou trocar de operadora. Atendente: Podemos tentar cobrir a oferta? Cliente: Não tenho mais interesse, já agendei a instalação com a concorrente para amanhã. Cliente: Vou pensar melhor no que fazer.",2025-09-12 19:56:46
CLI007,Mônica Silva,"Atendente: Olá, como posso ajudar? Cliente: Estou insatisfeito com o custo-benefício daqui. Atendente: Posso oferecer um upgrade? Cliente: A operadora vizinha me ofereceu 6 meses de desconto e instalação grátis. Não tem como competir. Cliente: Aguardo uma solução até amanhã.",2025-09-14 16:48:11
CLI007,Mônica Silva,Atendente: Como posso ajudar? Cliente: Recebi uma proposta da concorrência com o dobro da velocidade. Atendente: Qual o valor oferecido? Cliente: Eles oferecem fibra por um preço muito menor do que eu pago aqui há anos. Cliente: Isso é o que todos dizem.,2025-11-07 09:55:40
CLI007,Mônica Silva,"Atendente: Central de relacionamento, boa tarde. Cliente: Quero cancelar meu plano hoje. Atendente: Qual seria o motivo? Cliente: A outra operadora instalou fibra na minha rua e o serviço deles é muito superior ao de vocês. Cliente: Aguardo uma solução até amanhã.",2025-11-20 18:32:38
CLI008,Patrícia Costa,"Atendente: Boa tarde, como posso ajudar? Cliente: Estou ligando para reclamar do atendimento que recebi ontem. Atendente: O que aconteceu? Cliente: O atendente foi grosseiro e desligou o telefone na minha cara. Cliente: Aguardo uma solução até amanhã.",2025-08-28 15:01:07
CLI008,Patrícia Costa,"Atendente: Central de atendimento, em que posso ser útil? Cliente: Estou há mais de uma hora esperando para ser transferido. Atendente: Pedimos desculpas pela demora. Cliente: É um desrespeito com o consumidor, parece que vocês não querem resolver o problema. Cliente: Aguardo uma solução até amanhã.",2025-09-06 12:15:03
CLI008,Patrícia Costa,"Atendente: Olá, como posso auxiliar? Cliente: Preciso falar com um supervisor urgente. Atendente: Posso tentar resolver primeiro? Cliente: Não, já expliquei meu caso para cinco pessoas diferentes hoje e ninguém faz nada. Atendente: Posso ajudar em algo mais? Cliente: Por enquanto é só.",2025-11-12 17:05:05
CLI009,Leandro Gomes,"Atendente: Central de Relacionamento, como posso ajudar? Cliente: Estou com problema na minha internet, está muito lenta. Atendente: Entendo, o senhor já reiniciou o modem? Cliente: Já fiz de tudo e nada resolve, faz uma semana que está assim. Cliente: Aguardo uma solução até amanhã.",2025-08-13 16:55:38
CLI009,Leandro Gomes,"Atendente: Suporte técnico, boa tarde. Cliente: Minha internet caiu de novo. Atendente: Vou verificar o sinal na sua região. Cliente: Não adianta verificar, eu quero que alguém venha aqui resolver de vez, não aguento mais essa instabilidade. Atendente: O protocolo é 202511098. Cliente: Ok, anotado.",2025-08-27 11:59:34
CLI009,Leandro Gomes,"Atendente: Como posso auxiliar hoje? Cliente: É a terceira vez que ligo pelo mesmo motivo técnico. Atendente: Sinto muito pelo transtorno, vamos abrir um novo chamado. Cliente: Se não resolverem hoje, eu vou cancelar o contrato.",2025-09-06 19:12:45
CLI009,Leandro Gomes,"Atendente: Boa tarde, em que posso ajudar? Cliente: Minha conexão está caindo toda hora durante o meu home office. Atendente: Posso agendar uma visita técnica? Cliente: Já vieram aqui e disseram que estava ok, mas continua caindo. Estou sendo prejudicado no trabalho. Cliente: Aguardo uma solução até amanhã.",2025-10-15 14:42:41
CLI009,Leandro Gomes,"Atendente: Suporte técnico, boa tarde. Cliente: Minha internet caiu de novo. Atendente: Vou verificar o sinal na sua região. Cliente: Não adianta verificar, eu quero que alguém venha aqui resolver de vez, não aguento mais essa instabilidade. Atendente: O protocolo é 202511098. Cliente: Ok, anotado.",2025-10-20 09:15:14
CLI009,Leandro Gomes,"Atendente: Central de Relacionamento, como posso ajudar? Cliente: Estou com problema na minha internet, está muito lenta. Atendente: Entendo, o senhor já reiniciou o modem? Cliente: Já fiz de tudo e nada resolve, faz uma semana que está assim. Cliente: Aguardo uma solução até amanhã.",2025-10-20 15:57:33
CLI010,Carla Torres,"Atendente: Central de Relacionamento, como posso ajudar? Cliente: Estou com problema na minha internet, está muito lenta. Atendente: Entendo, o senhor já reiniciou o modem? Cliente: Já fiz de tudo e nada resolve, faz uma semana que está assim. Cliente: Vou pensar melhor no que fazer.",2025-08-24 11:04:57
CLI010,Carla Torres,"Atendente: Suporte técnico, boa tarde. Cliente: Minha internet caiu de novo. Atendente: Vou verificar o sinal na sua região. Cliente: Não adianta verificar, eu quero que alguém venha aqui resolver de vez, não aguento mais essa instabilidade. Cliente: Vou pensar melhor no que fazer.",2025-08-29 13:04:32
CLI010,Carla Torres,"Atendente: Como posso auxiliar hoje? Cliente: É a terceira vez que ligo pelo mesmo motivo técnico. Atendente: Sinto muito pelo transtorno, vamos abrir um novo chamado. Cliente: Se não resolverem hoje, eu vou cancelar o contrato. Atendente: Posso ajudar em algo mais? Cliente: Por enquanto é só.",2025-10-14 12:42:31
CLI010,Carla Torres,"Atendente: Boa tarde, em que posso ajudar? Cliente: Minha conexão está caindo toda hora durante o meu home office. Atendente: Posso agendar uma visita técnica? Cliente: Já vieram aqui e disseram que estava ok, mas continua caindo. Estou sendo prejudicado no trabalho. Atendente: Posso ajudar em algo mais? Cliente: Por enquanto é só.",2025-10-15 16:08:46
CLI010,Carla Torres,"Atendente: Central de Relacionamento, como posso ajudar? Cliente: Estou com problema na minha internet, está muito lenta. Atendente: Entendo, o senhor já reiniciou o modem? Cliente: Já fiz de tudo e nada resolve, faz uma semana que está assim. Cliente: Isso é o que todos dizem.",2025-11-03 17:30:15
CLI010,Carla Torres,"Atendente: Suporte técnico, boa tarde. Cliente: Minha internet caiu de novo. Atendente: Vou verificar o sinal na sua região. Cliente: Não adianta verificar, eu quero que alguém venha aqui resolver de vez, não aguento mais essa instabilidade. Atendente: O protocolo é 202511098. Cliente: Ok, anotado.",2025-11-12 14:12:06
CLI011,Marcos Pereira,"Atendente: Boa tarde, como posso ajudar? Cliente: Estou ligando para reclamar do atendimento que recebi ontem. Atendente: O que aconteceu? Cliente: O atendente foi grosseiro e desligou o telefone na minha cara. Cliente: Vou pensar melhor no que fazer.",2025-08-22 08:25:46
CLI011,Marcos Pereira,"Atendente: Central de atendimento, em que posso ser útil? Cliente: Estou há mais de uma hora esperando para ser transferido. Atendente: Pedimos desculpas pela demora. Cliente: É um desrespeito com o consumidor, parece que vocês não querem resolver o problema. Cliente: Aguardo uma solução até amanhã.",2025-08-25 09:15:12
CLI011,Marcos Pereira,"Atendente: Olá, como posso auxiliar? Cliente: Preciso falar com um supervisor urgente. Atendente: Posso tentar resolver primeiro? Cliente: Não, já expliquei meu caso para cinco pessoas diferentes hoje e ninguém faz nada. Atendente: Posso ajudar em algo mais? Cliente: Por enquanto é só.",2025-08-26 16:28:08
CLI011,Marcos Pereira,"Atendente: Boa tarde, suporte ao cliente. Cliente: Vocês nunca registram o que eu falo no histórico. Atendente: Vou verificar as notas aqui. Cliente: Toda vez que ligo tenho que explicar tudo do zero. É um desgaste total. Atendente: O protocolo é 202511098. Cliente: Ok, anotado.",2025-09-18 10:17:29
CLI011,Marcos Pereira,"Atendente: Boa tarde, como posso ajudar? Cliente: Estou ligando para reclamar do atendimento que recebi ontem. Atendente: O que aconteceu? Cliente: O atendente foi grosseiro e desligou o telefone na minha cara. Atendente: Posso ajudar em algo mais? Cliente: Por enquanto é só.",2025-11-10 09:28:51
CLI012,Rafael Carvalho,"Atendente: Central de Relacionamento, como posso ajudar? Cliente: Estou com problema na minha internet, está muito lenta. Atendente: Entendo, o senhor já reiniciou o modem? Cliente: Já fiz de tudo e nada resolve, faz uma semana que está assim. Cliente: Vou pensar melhor no que fazer.",2025-09-01 11:10:26
CLI012,Rafael Carvalho,"Atendente: Suporte técnico, boa tarde. Cliente: Minha internet caiu de novo. Atendente: Vou verificar o sinal na sua região. Cliente: Não adianta verificar, eu quero que alguém venha aqui resolver de vez, não aguento mais essa instabilidade. Atendente: O protocolo é 202511098. Cliente: Ok, anotado.",2025-11-08 15:13:55
CLI013,Mônica Alves,"Atendente: Setor financeiro, boa tarde. Cliente: Recebi minha fatura com um valor absurdo este mês. Atendente: Vou verificar os detalhes. Cliente: Tem cobranças de serviços que eu nunca contratei, exijo o estorno.",2025-10-02 19:50:35
CLI013,Mônica Alves,Atendente: Como posso ajudar com sua conta? Cliente: Minha mensalidade subiu do nada. Atendente: Houve um reajuste anual previsto em contrato. Cliente: Ninguém me avisou de 30% de aumento. Outras operadoras são bem mais baratas.,2025-10-06 19:31:09
CLI013,Mônica Alves,"Atendente: Central de cobrança, bom dia. Cliente: Estou ligando porque minha fatura veio errada de novo. Atendente: Deixe-me analisar o histórico. Cliente: Já é o segundo mês seguido com o mesmo erro. Assim fica difícil continuar com vocês. Atendente: Posso ajudar em algo mais? Cliente: Por enquanto é só.",2025-10-11 12:13:03
CLI013,Mônica Alves,"Atendente: Boa tarde, como posso ajudar? Cliente: Quero cancelar o plano pois o valor está muito alto. Atendente: Podemos ver um desconto? Cliente: Não quero desconto, quero que parem de cobrar taxas indevidas que eu não solicitei. Cliente: Isso é o que todos dizem.",2025-10-24 19:34:03
CLI013,Mônica Alves,"Atendente: Setor financeiro, boa tarde. Cliente: Recebi minha fatura com um valor absurdo este mês. Atendente: Vou verificar os detalhes. Cliente: Tem cobranças de serviços que eu nunca contratei, exijo o estorno.",2025-10-27 13:03:03
CLI014,Renata Gomes,"Atendente: Boa tarde, como posso ajudar? Cliente: Vou me mudar e quero levar meu plano. Atendente: Qual o novo CEP? Cliente: É no interior, vocês atendem lá? Atendente: Infelizmente não temos cobertura nessa região. Cliente: Então vou ter que cancelar infelizmente. Cliente: Vou pensar melhor no que fazer.",2025-09-09 18:55:15
CLI014,Renata Gomes,"Atendente: Central de vendas, boa tarde. Cliente: Preciso transferir meu endereço. Atendente: Verificando disponibilidade... Cliente: E se não tiver cobertura? Atendente: Nesse caso, procedemos com o cancelamento. Cliente: Poxa, eu gostava do serviço, mas preciso da internet no novo local. Atendente: O protocolo é 202511098. Cliente: Ok, anotado.",2025-09-20 09:56:36
CLI014,Renata Gomes,"Atendente: Boa tarde, como posso ajudar? Cliente: Vou me mudar e quero levar meu plano. Atendente: Qual o novo CEP? Cliente: É no interior, vocês atendem lá? Atendente: Infelizmente não temos cobertura nessa região. Cliente: Então vou ter que cancelar infelizmente. Atendente: Posso ajudar em algo mais? Cliente: Por enquanto é só.",2025-11-01 17:38:02
CLI014,Renata Gomes,"Atendente: Central de vendas, boa tarde. Cliente: Preciso transferir meu endereço. Atendente: Verificando disponibilidade... Cliente: E se não tiver cobertura? Atendente: Nesse caso, procedemos com o cancelamento. Cliente: Poxa, eu gostava do serviço, mas preciso da internet no novo local. Cliente: Isso é o que todos dizem.",2025-11-14 09:26:42
CLI014,Renata Gomes,"Atendente: Boa tarde, como posso ajudar? Cliente: Vou me mudar e quero levar meu plano. Atendente: Qual o novo CEP? Cliente: É no interior, vocês atendem lá? Atendente: Infelizmente não temos cobertura nessa região. Cliente: Então vou ter que cancelar infelizmente. Cliente: Isso é o que todos dizem.",2025-11-16 17:33:20
CLI014,Renata Gomes,"Atendente: Central de vendas, boa tarde. Cliente: Preciso transferir meu endereço. Atendente: Verificando disponibilidade... Cliente: E se não tiver cobertura? Atendente: Nesse caso, procedemos com o cancelamento. Cliente: Poxa, eu gostava do serviço, mas preciso da internet no novo local. Cliente: Aguardo uma solução até amanhã.",2025-11-17 11:42:45
CLI015,Vanessa Martins,"Atendente: Boa tarde, como posso ajudar? Cliente: Estou ligando para reclamar do atendimento que recebi ontem. Atendente: O que aconteceu? Cliente: O atendente foi grosseiro e desligou o telefone na minha cara. Cliente: Vou pensar melhor no que fazer.",2025-09-01 08:29:39
CLI015,Vanessa Martins,"Atendente: Central de atendimento, em que posso ser útil? Cliente: Estou há mais de uma hora esperando para ser transferido. Atendente: Pedimos desculpas pela demora. Cliente: É um desrespeito com o consumidor, parece que vocês não querem resolver o problema. Cliente: Isso é o que todos dizem.",2025-09-04 09:04:34
CLI015,Vanessa Martins,"Atendente: Olá, como posso auxiliar? Cliente: Preciso falar com um supervisor urgente. Atendente: Posso tentar resolver primeiro? Cliente: Não, já expliquei meu caso para cinco pessoas diferentes hoje e ninguém faz nada. Atendente: Posso ajudar em algo mais? Cliente: Por enquanto é só.",2025-09-28 16:16:08
CLI015,Vanessa Martins,"Atendente: Boa tarde, suporte ao cliente. Cliente: Vocês nunca registram o que eu falo no histórico. Atendente: Vou verificar as notas aqui. Cliente: Toda vez que ligo tenho que explicar tudo do zero. É um desgaste total. Cliente: Aguardo uma solução até amanhã.",2025-10-16 09:56:15
CLI015,Vanessa Martins,"Atendente: Boa tarde, como posso ajudar? Cliente: Estou ligando para reclamar do atendimento que recebi ontem. Atendente: O que aconteceu? Cliente: O atendente foi grosseiro e desligou o telefone na minha cara. Cliente: Aguardo uma solução até amanhã.",2025-10-18 12:10:28
CLI016,Larissa Carvalho,"Atendente: Como posso auxiliar hoje? Cliente: Estou passando por dificuldades e preciso reduzir minha conta. Atendente: Temos planos mais básicos. Cliente: No momento nem o básico eu consigo pagar, estou desempregado. Cliente: Isso é o que todos dizem.",2025-08-17 12:59:42
CLI016,Larissa Carvalho,"Atendente: Boa tarde, em que posso ajudar? Cliente: Preciso cancelar os canais extras. Atendente: Algum motivo específico? Cliente: Corte de gastos em casa, a situação está apertada e preciso economizar. Cliente: Vou pensar melhor no que fazer.",2025-08-19 10:16:07
CLI016,Larissa Carvalho,"Atendente: Como posso auxiliar hoje? Cliente: Estou passando por dificuldades e preciso reduzir minha conta. Atendente: Temos planos mais básicos. Cliente: No momento nem o básico eu consigo pagar, estou desempregado. Cliente: Vou pensar melhor no que fazer.",2025-09-04 19:35:09
CLI016,Larissa Carvalho,"Atendente: Boa tarde, em que posso ajudar? Cliente: Preciso cancelar os canais extras. Atendente: Algum motivo específico? Cliente: Corte de gastos em casa, a situação está apertada e preciso economizar. Cliente: Aguardo uma solução até amanhã.",2025-11-09 12:38:13
CLI017,Adriana Torres,"Atendente: Setor financeiro, boa tarde. Cliente: Recebi minha fatura com um valor absurdo este mês. Atendente: Vou verificar os detalhes. Cliente: Tem cobranças de serviços que eu nunca contratei, exijo o estorno. Atendente: O protocolo é 202511098. Cliente: Ok, anotado.",2025-08-20 12:02:00
CLI017,Adriana Torres,Atendente: Como posso ajudar com sua conta? Cliente: Minha mensalidade subiu do nada. Atendente: Houve um reajuste anual previsto em contrato. Cliente: Ninguém me avisou de 30% de aumento. Outras operadoras são bem mais baratas. Cliente: Aguardo uma solução até amanhã.,2025-09-06 10:40:16
CLI017,Adriana Torres,"Atendente: Central de cobrança, bom dia. Cliente: Estou ligando porque minha fatura veio errada de novo. Atendente: Deixe-me analisar o histórico. Cliente: Já é o segundo mês seguido com o mesmo erro. Assim fica difícil continuar com vocês. Atendente: Posso ajudar em algo mais? Cliente: Por enquanto é só.",2025-09-08 19:28:35
CLI017,Adriana Torres,"Atendente: Boa tarde, como posso ajudar? Cliente: Quero cancelar o plano pois o valor está muito alto. Atendente: Podemos ver um desconto? Cliente: Não quero desconto, quero que parem de cobrar taxas indevidas que eu não solicitei.",2025-10-07 14:35:00
CLI017,Adriana Torres,"Atendente: Setor financeiro, boa tarde. Cliente: Recebi minha fatura com um valor absurdo este mês. Atendente: Vou verificar os detalhes. Cliente: Tem cobranças de serviços que eu nunca contratei, exijo o estorno. Cliente: Vou pensar melhor no que fazer.",2025-10-08 09:56:44
CLI017,Adriana Torres,Atendente: Como posso ajudar com sua conta? Cliente: Minha mensalidade subiu do nada. Atendente: Houve um reajuste anual previsto em contrato. Cliente: Ninguém me avisou de 30% de aumento. Outras operadoras são bem mais baratas. Atendente: Posso ajudar em algo mais? Cliente: Por enquanto é só.,2025-10-29 16:02:53
CLI017,Adriana Torres,"Atendente: Central de cobrança, bom dia. Cliente: Estou ligando porque minha fatura veio errada de novo. Atendente: Deixe-me analisar o histórico. Cliente: Já é o segundo mês seguido com o mesmo erro. Assim fica difícil continuar com vocês. Cliente: Aguardo uma solução até amanhã.",2025-11-03 17:35:09
CLI018,Thiago Costa,"Atendente: Central de Relacionamento, como posso ajudar? Cliente: Estou com problema na minha internet, está muito lenta. Atendente: Entendo, o senhor já reiniciou o modem? Cliente: Já fiz de tudo e nada resolve, faz uma semana que está assim. Atendente: Posso ajudar em algo mais? Cliente: Por enquanto é só.",2025-08-23 18:06:22
CLI018,Thiago Costa,"Atendente: Suporte técnico, boa tarde. Cliente: Minha internet caiu de novo. Atendente: Vou verificar o sinal na sua região. Cliente: Não adianta verificar, eu quero que alguém venha aqui resolver de vez, não aguento mais essa instabilidade. Cliente: Isso é o que todos dizem.",2025-10-04 14:39:47
CLI018,Thiago Costa,"Atendente: Como posso auxiliar hoje? Cliente: É a terceira vez que ligo pelo mesmo motivo técnico. Atendente: Sinto muito pelo transtorno, vamos abrir um novo chamado. Cliente: Se não resolverem hoje, eu vou cancelar o contrato. Atendente: Posso ajudar em algo mais? Cliente: Por enquanto é só.",2025-10-23 11:55:10
CLI018,Thiago Costa,"Atendente: Boa tarde, em que posso ajudar? Cliente: Minha conexão está caindo toda hora durante o meu home office. Atendente: Posso agendar uma visita técnica? Cliente: Já vieram aqui e disseram que estava ok, mas continua caindo. Estou sendo prejudicado no trabalho. Atendente: Posso ajudar em algo mais? Cliente: Por enquanto é só.",2025-11-13 14:01:11
CLI019,Leandro Torres,Atendente: Como posso ajudar? Cliente: Recebi uma proposta da concorrência com o dobro da velocidade. Atendente: Qual o valor oferecido? Cliente: Eles oferecem fibra por um preço muito menor do que eu pago aqui há anos. Atendente: Posso ajudar em algo mais? Cliente: Por enquanto é só.,2025-09-03 11:52:58
CLI019,Leandro Torres,"Atendente: Central de relacionamento, boa tarde. Cliente: Quero cancelar meu plano hoje. Atendente: Qual seria o motivo? Cliente: A outra operadora instalou fibra na minha rua e o serviço deles é muito superior ao de vocês. Atendente: O protocolo é 202511098. Cliente: Ok, anotado.",2025-09-15 13:19:52
CLI019,Leandro Torres,"Atendente: Boa tarde, em que posso ser útil? Cliente: Vou trocar de operadora. Atendente: Podemos tentar cobrir a oferta? Cliente: Não tenho mais interesse, já agendei a instalação com a concorrente para amanhã. Atendente: Posso ajudar em algo mais? Cliente: Por enquanto é só.",2025-09-29 11:01:42
CLI019,Leandro Torres,"Atendente: Olá, como posso ajudar? Cliente: Estou insatisfeito com o custo-benefício daqui. Atendente: Posso oferecer um upgrade? Cliente: A operadora vizinha me ofereceu 6 meses de desconto e instalação grátis. Não tem como competir. Atendente: Posso ajudar em algo mais? Cliente: Por enquanto é só.",2025-10-02 14:21:17
CLI019,Leandro Torres,Atendente: Como posso ajudar? Cliente: Recebi uma proposta da concorrência com o dobro da velocidade. Atendente: Qual o valor oferecido? Cliente: Eles oferecem fibra por um preço muito menor do que eu pago aqui há anos. Cliente: Vou pensar melhor no que fazer.,2025-10-13 12:22:41
CLI019,Leandro Torres,"Atendente: Central de relacionamento, boa tarde. Cliente: Quero cancelar meu plano hoje. Atendente: Qual seria o motivo? Cliente: A outra operadora instalou fibra na minha rua e o serviço deles é muito superior ao de vocês. Cliente: Isso é o que todos dizem.",2025-10-20 14:43:53
CLI019,Leandro Torres,"Atendente: Boa tarde, em que posso ser útil? Cliente: Vou trocar de operadora. Atendente: Podemos tentar cobrir a oferta? Cliente: Não tenho mais interesse, já agendei a instalação com a concorrente para amanhã. Cliente: Isso é o que todos dizem.",2025-10-29 13:01:07
CLI020,Sabrina Freitas,"Atendente: Setor financeiro, boa tarde. Cliente: Recebi minha fatura com um valor absurdo este mês. Atendente: Vou verificar os detalhes. Cliente: Tem cobranças de serviços que eu nunca contratei, exijo o estorno. Atendente: O protocolo é 202511098. Cliente: Ok, anotado.",2025-09-06 17:32:07
CLI020,Sabrina Freitas,"Atendente: Como posso ajudar com sua conta? Cliente: Minha mensalidade subiu do nada. Atendente: Houve um reajuste anual previsto em contrato. Cliente: Ninguém me avisou de 30% de aumento. Outras operadoras são bem mais baratas. Atendente: O protocolo é 202511098. Cliente: Ok, anotado.",2025-09-27 17:12:16
CLI020,Sabrina Freitas,"Atendente: Central de cobrança, bom dia. Cliente: Estou ligando porque minha fatura veio errada de novo. Atendente: Deixe-me analisar o histórico. Cliente: Já é o segundo mês seguido com o mesmo erro. Assim fica difícil continuar com vocês. Cliente: Vou pensar melhor no que fazer.",2025-10-08 19:27:00
CLI020,Sabrina Freitas,"Atendente: Boa tarde, como posso ajudar? Cliente: Quero cancelar o plano pois o valor está muito alto. Atendente: Podemos ver um desconto? Cliente: Não quero desconto, quero que parem de cobrar taxas indevidas que eu não solicitei. Cliente: Isso é o que todos dizem.",2025-10-12 16:43:46
CLI020,Sabrina Freitas,"Atendente: Setor financeiro, boa tarde. Cliente: Recebi minha fatura com um valor absurdo este mês. Atendente: Vou verificar os detalhes. Cliente: Tem cobranças de serviços que eu nunca contratei, exijo o estorno.",2025-11-08 19:42:12
CLI020,Sabrina Freitas,Atendente: Como posso ajudar com sua conta? Cliente: Minha mensalidade subiu do nada. Atendente: Houve um reajuste anual previsto em contrato. Cliente: Ninguém me avisou de 30% de aumento. Outras operadoras são bem mais baratas. Cliente: Aguardo uma solução até amanhã.,2025-11-17 14:04:42
CLI021,Marcelo Torres,"Atendente: Boa tarde, como posso ajudar? Cliente: Vou me mudar e quero levar meu plano. Atendente: Qual o novo CEP? Cliente: É no interior, vocês atendem lá? Atendente: Infelizmente não temos cobertura nessa região. Cliente: Então vou ter que cancelar infelizmente.",2025-09-05 14:20:25
CLI021,Marcelo Torres,"Atendente: Central de vendas, boa tarde. Cliente: Preciso transferir meu endereço. Atendente: Verificando disponibilidade... Cliente: E se não tiver cobertura? Atendente: Nesse caso, procedemos com o cancelamento. Cliente: Poxa, eu gostava do serviço, mas preciso da internet no novo local.",2025-09-30 12:35:08
CLI021,Marcelo Torres,"Atendente: Boa tarde, como posso ajudar? Cliente: Vou me mudar e quero levar meu plano. Atendente: Qual o novo CEP? Cliente: É no interior, vocês atendem lá? Atendente: Infelizmente não temos cobertura nessa região. Cliente: Então vou ter que cancelar infelizmente. Atendente: Posso ajudar em algo mais? Cliente: Por enquanto é só.",2025-10-01 14:42:24
CLI021,Marcelo Torres,"Atendente: Central de vendas, boa tarde. Cliente: Preciso transferir meu endereço. Atendente: Verificando disponibilidade... Cliente: E se não tiver cobertura? Atendente: Nesse caso, procedemos com o cancelamento. Cliente: Poxa, eu gostava do serviço, mas preciso da internet no novo local.",2025-10-24 19:57:11
CLI022,Gabriel Azevedo,"Atendente: Boa tarde, como posso ajudar? Cliente: Estou ligando para reclamar do atendimento que recebi ontem. Atendente: O que aconteceu? Cliente: O atendente foi grosseiro e desligou o telefone na minha cara. Cliente: Isso é o que todos dizem.",2025-09-18 17:41:20
CLI022,Gabriel Azevedo,"Atendente: Central de atendimento, em que posso ser útil? Cliente: Estou há mais de uma hora esperando para ser transferido. Atendente: Pedimos desculpas pela demora. Cliente: É um desrespeito com o consumidor, parece que vocês não querem resolver o problema. Atendente: O protocolo é 202511098. Cliente: Ok, anotado.",2025-10-05 15:28:43
CLI022,Gabriel Azevedo,"Atendente: Olá, como posso auxiliar? Cliente: Preciso falar com um supervisor urgente. Atendente: Posso tentar resolver primeiro? Cliente: Não, já expliquei meu caso para cinco pessoas diferentes hoje e ninguém faz nada. Atendente: Posso ajudar em algo mais? Cliente: Por enquanto é só.",2025-10-07 16:30:50
CLI022,Gabriel Azevedo,"Atendente: Boa tarde, suporte ao cliente. Cliente: Vocês nunca registram o que eu falo no histórico. Atendente: Vou verificar as notas aqui. Cliente: Toda vez que ligo tenho que explicar tudo do zero. É um desgaste total.",2025-10-17 10:42:05
CLI022,Gabriel Azevedo,"Atendente: Boa tarde, como posso ajudar? Cliente: Estou ligando para reclamar do atendimento que recebi ontem. Atendente: O que aconteceu? Cliente: O atendente foi grosseiro e desligou o telefone na minha cara. Cliente: Aguardo uma solução até amanhã.",2025-11-12 16:42:40
CLI023,Gabriel Torres,"Atendente: Central de Relacionamento, como posso ajudar? Cliente: Estou com problema na minha internet, está muito lenta. Atendente: Entendo, o senhor já reiniciou o modem? Cliente: Já fiz de tudo e nada resolve, faz uma semana que está assim. Atendente: Posso ajudar em algo mais? Cliente: Por enquanto é só.",2025-09-30 08:02:15
CLI023,Gabriel Torres,"Atendente: Suporte técnico, boa tarde. Cliente: Minha internet caiu de novo. Atendente: Vou verificar o sinal na sua região. Cliente: Não adianta verificar, eu quero que alguém venha aqui resolver de vez, não aguento mais essa instabilidade. Atendente: O protocolo é 202511098. Cliente: Ok, anotado.",2025-10-11 17:54:49
CLI023,Gabriel Torres,"Atendente: Como posso auxiliar hoje? Cliente: É a terceira vez que ligo pelo mesmo motivo técnico. Atendente: Sinto muito pelo transtorno, vamos abrir um novo chamado. Cliente: Se não resolverem hoje, eu vou cancelar o contrato. Cliente: Vou pensar melhor no que fazer.",2025-10-14 15:26:56
CLI024,Priscila Azevedo,"Atendente: Setor financeiro, boa tarde. Cliente: Recebi minha fatura com um valor absurdo este mês. Atendente: Vou verificar os detalhes. Cliente: Tem cobranças de serviços que eu nunca contratei, exijo o estorno. Cliente: Vou pensar melhor no que fazer.",2025-08-11 09:49:27
CLI024,Priscila Azevedo,Atendente: Como posso ajudar com sua conta? Cliente: Minha mensalidade subiu do nada. Atendente: Houve um reajuste anual previsto em contrato. Cliente: Ninguém me avisou de 30% de aumento. Outras operadoras são bem mais baratas. Atendente: Posso ajudar em algo mais? Cliente: Por enquanto é só.,2025-08-16 10:51:44
CLI024,Priscila Azevedo,"Atendente: Central de cobrança, bom dia. Cliente: Estou ligando porque minha fatura veio errada de novo. Atendente: Deixe-me analisar o histórico. Cliente: Já é o segundo mês seguido com o mesmo erro. Assim fica difícil continuar com vocês. Cliente: Isso é o que todos dizem.",2025-09-05 15:03:35
CLI024,Priscila Azevedo,"Atendente: Boa tarde, como posso ajudar? Cliente: Quero cancelar o plano pois o valor está muito alto. Atendente: Podemos ver um desconto? Cliente: Não quero desconto, quero que parem de cobrar taxas indevidas que eu não solicitei. Atendente: Posso ajudar em algo mais? Cliente: Por enquanto é só.",2025-09-17 09:29:08
CLI024,Priscila Azevedo,"Atendente: Setor financeiro, boa tarde. Cliente: Recebi minha fatura com um valor absurdo este mês. Atendente: Vou verificar os detalhes. Cliente: Tem cobranças de serviços que eu nunca contratei, exijo o estorno. Atendente: O protocolo é 202511098. Cliente: Ok, anotado.",2025-09-19 18:33:35
CLI024,Priscila Azevedo,Atendente: Como posso ajudar com sua conta? Cliente: Minha mensalidade subiu do nada. Atendente: Houve um reajuste anual previsto em contrato. Cliente: Ninguém me avisou de 30% de aumento. Outras operadoras são bem mais baratas. Cliente: Isso é o que todos dizem.,2025-10-07 13:48:57
CLI024,Priscila Azevedo,"Atendente: Central de cobrança, bom dia. Cliente: Estou ligando porque minha fatura veio errada de novo. Atendente: Deixe-me analisar o histórico. Cliente: Já é o segundo mês seguido com o mesmo erro. Assim fica difícil continuar com vocês. Atendente: O protocolo é 202511098. Cliente: Ok, anotado.",2025-10-20 17:52:46
CLI025,Sabrina Ribeiro,Atendente: Como posso ajudar? Cliente: Recebi uma proposta da concorrência com o dobro da velocidade. Atendente: Qual o valor oferecido? Cliente: Eles oferecem fibra por um preço muito menor do que eu pago aqui há anos. Cliente: Aguardo uma solução até amanhã.,2025-08-26 16:31:40
CLI025,Sabrina Ribeiro,"Atendente: Central de relacionamento, boa tarde. Cliente: Quero cancelar meu plano hoje. Atendente: Qual seria o motivo? Cliente: A outra operadora instalou fibra na minha rua e o serviço deles é muito superior ao de vocês. Atendente: Posso ajudar em algo mais? Cliente: Por enquanto é só.",2025-09-16 12:28:04
CLI025,Sabrina Ribeiro,"Atendente: Boa tarde, em que posso ser útil? Cliente: Vou trocar de operadora. Atendente: Podemos tentar cobrir a oferta? Cliente: Não tenho mais interesse, já agendei a instalação com a concorrente para amanhã.",2025-09-19 12:15:17
CLI025,Sabrina Ribeiro,"Atendente: Olá, como posso ajudar? Cliente: Estou insatisfeito com o custo-benefício daqui. Atendente: Posso oferecer um upgrade? Cliente: A operadora vizinha me ofereceu 6 meses de desconto e instalação grátis. Não tem como competir. Cliente: Aguardo uma solução até amanhã.",2025-10-13 13:57:34
CLI025,Sabrina Ribeiro,Atendente: Como posso ajudar? Cliente: Recebi uma proposta da concorrência com o dobro da velocidade. Atendente: Qual o valor oferecido? Cliente: Eles oferecem fibra por um preço muito menor do que eu pago aqui há anos. Cliente: Vou pensar melhor no que fazer.,2025-10-15 10:09:14
CLI025,Sabrina Ribeiro,"Atendente: Central de relacionamento, boa tarde. Cliente: Quero cancelar meu plano hoje. Atendente: Qual seria o motivo? Cliente: A outra operadora instalou fibra na minha rua e o serviço deles é muito superior ao de vocês. Atendente: O protocolo é 202511098. Cliente: Ok, anotado.",2025-10-26 19:09:45
CLI026,Patrícia Souza,"Atendente: Como posso ajudar? Cliente: Recebi uma proposta da concorrência com o dobro da velocidade. Atendente: Qual o valor oferecido? Cliente: Eles oferecem fibra por um preço muito menor do que eu pago aqui há anos. Atendente: O protocolo é 202511098. Cliente: Ok, anotado.",2025-09-11 14:57:49
CLI026,Patrícia Souza,"Atendente: Central de relacionamento, boa tarde. Cliente: Quero cancelar meu plano hoje. Atendente: Qual seria o motivo? Cliente: A outra operadora instalou fibra na minha rua e o serviço deles é muito superior ao de vocês. Cliente: Isso é o que todos dizem.",2025-09-21 19:01:54
CLI026,Patrícia Souza,"Atendente: Boa tarde, em que posso ser útil? Cliente: Vou trocar de operadora. Atendente: Podemos tentar cobrir a oferta? Cliente: Não tenho mais interesse, já agendei a instalação com a concorrente para amanhã. Cliente: Isso é o que todos dizem.",2025-09-27 14:30:00
CLI026,Patrícia Souza,"Atendente: Olá, como posso ajudar? Cliente: Estou insatisfeito com o custo-benefício daqui. Atendente: Posso oferecer um upgrade? Cliente: A operadora vizinha me ofereceu 6 meses de desconto e instalação grátis. Não tem como competir. Cliente: Aguardo uma solução até amanhã.",2025-10-24 12:48:24
CLI026,Patrícia Souza,"Atendente: Como posso ajudar? Cliente: Recebi uma proposta da concorrência com o dobro da velocidade. Atendente: Qual o valor oferecido? Cliente: Eles oferecem fibra por um preço muito menor do que eu pago aqui há anos. Atendente: O protocolo é 202511098. Cliente: Ok, anotado.",2025-11-12 16:47:47
CLI027,Bruno Silva,"Atendente: Setor financeiro, boa tarde. Cliente: Recebi minha fatura com um valor absurdo este mês. Atendente: Vou verificar os detalhes. Cliente: Tem cobranças de serviços que eu nunca contratei, exijo o estorno. Cliente: Aguardo uma solução até amanhã.",2025-09-21 18:43:51
CLI027,Bruno Silva,"Atendente: Como posso ajudar com sua conta? Cliente: Minha mensalidade subiu do nada. Atendente: Houve um reajuste anual previsto em contrato. Cliente: Ninguém me avisou de 30% de aumento. Outras operadoras são bem mais baratas. Atendente: O protocolo é 202511098. Cliente: Ok, anotado.",2025-09-28 19:10:53
CLI027,Bruno Silva,"Atendente: Central de cobrança, bom dia. Cliente: Estou ligando porque minha fatura veio errada de novo. Atendente: Deixe-me analisar o histórico. Cliente: Já é o segundo mês seguido com o mesmo erro. Assim fica difícil continuar com vocês. Atendente: O protocolo é 202511098. Cliente: Ok, anotado.",2025-10-04 10:39:34
CLI027,Bruno Silva,"Atendente: Boa tarde, como posso ajudar? Cliente: Quero cancelar o plano pois o valor está muito alto. Atendente: Podemos ver um desconto? Cliente: Não quero desconto, quero que parem de cobrar taxas indevidas que eu não solicitei. Cliente: Vou pensar melhor no que fazer.",2025-10-19 14:37:36
CLI027,Bruno Silva,"Atendente: Setor financeiro, boa tarde. Cliente: Recebi minha fatura com um valor absurdo este mês. Atendente: Vou verificar os detalhes. Cliente: Tem cobranças de serviços que eu nunca contratei, exijo o estorno.",2025-11-19 08:05:41
CLI028,Thiago Costa,Atendente: Como posso ajudar? Cliente: Recebi uma proposta da concorrência com o dobro da velocidade. Atendente: Qual o valor oferecido? Cliente: Eles oferecem fibra por um preço muito menor do que eu pago aqui há anos. Atendente: Posso ajudar em algo mais? Cliente: Por enquanto é só.,2025-10-11 15:20:21
CLI028,Thiago Costa,"Atendente: Central de relacionamento, boa tarde. Cliente: Quero cancelar meu plano hoje. Atendente: Qual seria o motivo? Cliente: A outra operadora instalou fibra na minha rua e o serviço deles é muito superior ao de vocês. Atendente: O protocolo é 202511098. Cliente: Ok, anotado.",2025-10-18 12:48:53
CLI028,Thiago Costa,"Atendente: Boa tarde, em que posso ser útil? Cliente: Vou trocar de operadora. Atendente: Podemos tentar cobrir a oferta? Cliente: Não tenho mais interesse, já agendei a instalação com a concorrente para amanhã. Atendente: O protocolo é 202511098. Cliente: Ok, anotado.",2025-10-26 12:53:05
CLI029,Eduardo Mendes,"Atendente: Como posso auxiliar hoje? Cliente: Estou passando por dificuldades e preciso reduzir minha conta. Atendente: Temos planos mais básicos. Cliente: No momento nem o básico eu consigo pagar, estou desempregado. Cliente: Vou pensar melhor no que fazer.",2025-09-06 11:12:53
CLI029,Eduardo Mendes,"Atendente: Boa tarde, em que posso ajudar? Cliente: Preciso cancelar os canais extras. Atendente: Algum motivo específico? Cliente: Corte de gastos em casa, a situação está apertada e preciso economizar. Cliente: Vou pensar melhor no que fazer.",2025-09-06 17:09:15
CLI029,Eduardo Mendes,"Atendente: Como posso auxiliar hoje? Cliente: Estou passando por dificuldades e preciso reduzir minha conta. Atendente: Temos planos mais básicos. Cliente: No momento nem o básico eu consigo pagar, estou desempregado. Atendente: Posso ajudar em algo mais? Cliente: Por enquanto é só.",2025-10-15 15:42:07
CLI029,Eduardo Mendes,"Atendente: Boa tarde, em que posso ajudar? Cliente: Preciso cancelar os canais extras. Atendente: Algum motivo específico? Cliente: Corte de gastos em casa, a situação está apertada e preciso economizar. Cliente: Isso é o que todos dizem.",2025-10-31 11:29:44
CLI029,Eduardo Mendes,"Atendente: Como posso auxiliar hoje? Cliente: Estou passando por dificuldades e preciso reduzir minha conta. Atendente: Temos planos mais básicos. Cliente: No momento nem o básico eu consigo pagar, estou desempregado. Cliente: Aguardo uma solução até amanhã.",2025-11-20 13:10:38
CLI029,Eduardo Mendes,"Atendente: Boa tarde, em que posso ajudar? Cliente: Preciso cancelar os canais extras. Atendente: Algum motivo específico? Cliente: Corte de gastos em casa, a situação está apertada e preciso economizar. Cliente: Isso é o que todos dizem.",2025-11-23 19:45:07
CLI030,Fernanda Rocha,"Atendente: Boa tarde, como posso ajudar? Cliente: Estou ligando para reclamar do atendimento que recebi ontem. Atendente: O que aconteceu? Cliente: O atendente foi grosseiro e desligou o telefone na minha cara. Cliente: Isso é o que todos dizem.",2025-10-03 18:58:24
CLI030,Fernanda Rocha,"Atendente: Central de atendimento, em que posso ser útil? Cliente: Estou há mais de uma hora esperando para ser transferido. Atendente: Pedimos desculpas pela demora. Cliente: É um desrespeito com o consumidor, parece que vocês não querem resolver o problema. Atendente: O protocolo é 202511098. Cliente: Ok, anotado.",2025-11-08 19:12:04
CLI031,Renata Martins,"Atendente: Central de Relacionamento, como posso ajudar? Cliente: Estou com problema na minha internet, está muito lenta. Atendente: Entendo, o senhor já reiniciou o modem? Cliente: Já fiz de tudo e nada resolve, faz uma semana que está assim. Cliente: Isso é o que todos dizem.",2025-08-10 14:42:23
CLI031,Renata Martins,"Atendente: Suporte técnico, boa tarde. Cliente: Minha internet caiu de novo. Atendente: Vou verificar o sinal na sua região. Cliente: Não adianta verificar, eu quero que alguém venha aqui resolver de vez, não aguento mais essa instabilidade. Cliente: Vou pensar melhor no que fazer.",2025-08-21 16:41:21
CLI031,Renata Martins,"Atendente: Como posso auxiliar hoje? Cliente: É a terceira vez que ligo pelo mesmo motivo técnico. Atendente: Sinto muito pelo transtorno, vamos abrir um novo chamado. Cliente: Se não resolverem hoje, eu vou cancelar o contrato. Cliente: Vou pensar melhor no que fazer.",2025-08-25 14:52:31
CLI031,Renata Martins,"Atendente: Boa tarde, em que posso ajudar? Cliente: Minha conexão está caindo toda hora durante o meu home office. Atendente: Posso agendar uma visita técnica? Cliente: Já vieram aqui e disseram que estava ok, mas continua caindo. Estou sendo prejudicado no trabalho. Cliente: Vou pensar melhor no que fazer.",2025-09-22 14:23:40
CLI031,Renata Martins,"Atendente: Central de Relacionamento, como posso ajudar? Cliente: Estou com problema na minha internet, está muito lenta. Atendente: Entendo, o senhor já reiniciou o modem? Cliente: Já fiz de tudo e nada resolve, faz uma semana que está assim. Atendente: O protocolo é 202511098. Cliente: Ok, anotado.",2025-09-28 19:09:27
CLI031,Renata Martins,"Atendente: Suporte técnico, boa tarde. Cliente: Minha internet caiu de novo. Atendente: Vou verificar o sinal na sua região. Cliente: Não adianta verificar, eu quero que alguém venha aqui resolver de vez, não aguento mais essa instabilidade. Atendente: Posso ajudar em algo mais? Cliente: Por enquanto é só.",2025-10-21 19:33:41
CLI031,Renata Martins,"Atendente: Como posso auxiliar hoje? Cliente: É a terceira vez que ligo pelo mesmo motivo técnico. Atendente: Sinto muito pelo transtorno, vamos abrir um novo chamado. Cliente: Se não resolverem hoje, eu vou cancelar o contrato. Cliente: Aguardo uma solução até amanhã.",2025-10-31 17:51:58
CLI032,Bruno Gomes,Atendente: Como posso ajudar? Cliente: Recebi uma proposta da concorrência com o dobro da velocidade. Atendente: Qual o valor oferecido? Cliente: Eles oferecem fibra por um preço muito menor do que eu pago aqui há anos. Cliente: Aguardo uma solução até amanhã.,2025-08-20 15:15:48
CLI032,Bruno Gomes,"Atendente: Central de relacionamento, boa tarde. Cliente: Quero cancelar meu plano hoje. Atendente: Qual seria o motivo? Cliente: A outra operadora instalou fibra na minha rua e o serviço deles é muito superior ao de vocês. Atendente: O protocolo é 202511098. Cliente: Ok, anotado.",2025-09-23 17:39:42
CLI032,Bruno Gomes,"Atendente: Boa tarde, em que posso ser útil? Cliente: Vou trocar de operadora. Atendente: Podemos tentar cobrir a oferta? Cliente: Não tenho mais interesse, já agendei a instalação com a concorrente para amanhã. Atendente: O protocolo é 202511098. Cliente: Ok, anotado.",2025-09-30 13:01:31
CLI032,Bruno Gomes,"Atendente: Olá, como posso ajudar? Cliente: Estou insatisfeito com o custo-benefício daqui. Atendente: Posso oferecer um upgrade? Cliente: A operadora vizinha me ofereceu 6 meses de desconto e instalação grátis. Não tem como competir. Cliente: Aguardo uma solução até amanhã.",2025-10-03 10:31:13
CLI032,Bruno Gomes,Atendente: Como posso ajudar? Cliente: Recebi uma proposta da concorrência com o dobro da velocidade. Atendente: Qual o valor oferecido? Cliente: Eles oferecem fibra por um preço muito menor do que eu pago aqui há anos. Cliente: Aguardo uma solução até amanhã.,2025-10-23 12:21:17
CLI033,Sabrina Silva,"Atendente: Como posso auxiliar hoje? Cliente: Estou passando por dificuldades e preciso reduzir minha conta. Atendente: Temos planos mais básicos. Cliente: No momento nem o básico eu consigo pagar, estou desempregado. Atendente: Posso ajudar em algo mais? Cliente: Por enquanto é só.",2025-09-07 19:26:31
CLI033,Sabrina Silva,"Atendente: Boa tarde, em que posso ajudar? Cliente: Preciso cancelar os canais extras. Atendente: Algum motivo específico? Cliente: Corte de gastos em casa, a situação está apertada e preciso economizar. Cliente: Isso é o que todos dizem.",2025-10-19 11:44:30
CLI033,Sabrina Silva,"Atendente: Como posso auxiliar hoje? Cliente: Estou passando por dificuldades e preciso reduzir minha conta. Atendente: Temos planos mais básicos. Cliente: No momento nem o básico eu consigo pagar, estou desempregado.",2025-11-02 19:31:28
CLI033,Sabrina Silva,"Atendente: Boa tarde, em que posso ajudar? Cliente: Preciso cancelar os canais extras. Atendente: Algum motivo específico? Cliente: Corte de gastos em casa, a situação está apertada e preciso economizar. Cliente: Vou pensar melhor no que fazer.",2025-11-11 09:18:14
CLI034,Mônica Martins,"Atendente: Central de atendimento, em que posso ser útil? Cliente: Estou há mais de uma hora esperando para ser transferido. Atendente: Pedimos desculpas pela demora. Cliente: É um desrespeito com o consumidor, parece que vocês não querem resolver o problema. Cliente: Aguardo uma solução até amanhã.",2025-09-02 12:16:14
CLI034,Mônica Martins,"Atendente: Boa tarde, como posso ajudar? Cliente: Estou ligando para reclamar do atendimento que recebi ontem. Atendente: O que aconteceu? Cliente: O atendente foi grosseiro e desligou o telefone na minha cara. Cliente: Aguardo uma solução até amanhã.",2025-09-02 13:44:29
CLI034,Mônica Martins,"Atendente: Olá, como posso auxiliar? Cliente: Preciso falar com um supervisor urgente. Atendente: Posso tentar resolver primeiro? Cliente: Não, já expliquei meu caso para cinco pessoas diferentes hoje e ninguém faz nada. Cliente: Vou pensar melhor no que fazer.",2025-09-05 19:12:20
CLI034,Mônica Martins,"Atendente: Boa tarde, suporte ao cliente. Cliente: Vocês nunca registram o que eu falo no histórico. Atendente: Vou verificar as notas aqui. Cliente: Toda vez que ligo tenho que explicar tudo do zero. É um desgaste total. Cliente: Vou pensar melhor no que fazer.",2025-09-12 19:34:48
CLI034,Mônica Martins,"Atendente: Boa tarde, como posso ajudar? Cliente: Estou ligando para reclamar do atendimento que recebi ontem. Atendente: O que aconteceu? Cliente: O atendente foi grosseiro e desligou o telefone na minha cara.",2025-09-18 10:12:13
CLI034,Mônica Martins,"Atendente: Central de atendimento, em que posso ser útil? Cliente: Estou há mais de uma hora esperando para ser transferido. Atendente: Pedimos desculpas pela demora. Cliente: É um desrespeito com o consumidor, parece que vocês não querem resolver o problema.",2025-09-25 15:17:46
CLI034,Mônica Martins,"Atendente: Olá, como posso auxiliar? Cliente: Preciso falar com um supervisor urgente. Atendente: Posso tentar resolver primeiro? Cliente: Não, já expliquei meu caso para cinco pessoas diferentes hoje e ninguém faz nada. Cliente: Isso é o que todos dizem.",2025-09-28 16:38:18
CLI035,Marcos Nunes,"Atendente: Boa tarde, como posso ajudar? Cliente: Estou ligando para reclamar do atendimento que recebi ontem. Atendente: O que aconteceu? Cliente: O atendente foi grosseiro e desligou o telefone na minha cara.",2025-10-11 16:08:17
CLI035,Marcos Nunes,"Atendente: Central de atendimento, em que posso ser útil? Cliente: Estou há mais de uma hora esperando para ser transferido. Atendente: Pedimos desculpas pela demora. Cliente: É um desrespeito com o consumidor, parece que vocês não querem resolver o problema. Cliente: Vou pensar melhor no que fazer.",2025-10-27 08:35:18
CLI035,Marcos Nunes,"Atendente: Olá, como posso auxiliar? Cliente: Preciso falar com um supervisor urgente. Atendente: Posso tentar resolver primeiro? Cliente: Não, já expliquei meu caso para cinco pessoas diferentes hoje e ninguém faz nada.",2025-11-17 10:40:55
CLI036,Fernanda Gomes,"Atendente: Central de Relacionamento, como posso ajudar? Cliente: Estou com problema na minha internet, está muito lenta. Atendente: Entendo, o senhor já reiniciou o modem? Cliente: Já fiz de tudo e nada resolve, faz uma semana que está assim. Atendente: O protocolo é 202511098. Cliente: Ok, anotado.",2025-09-12 15:21:11
CLI036,Fernanda Gomes,"Atendente: Suporte técnico, boa tarde. Cliente: Minha internet caiu de novo. Atendente: Vou verificar o sinal na sua região. Cliente: Não adianta verificar, eu quero que alguém venha aqui resolver de vez, não aguento mais essa instabilidade. Cliente: Vou pensar melhor no que fazer.",2025-10-06 12:55:30
CLI037,Marcos Souza,Atendente: Como posso ajudar? Cliente: Recebi uma proposta da concorrência com o dobro da velocidade. Atendente: Qual o valor oferecido? Cliente: Eles oferecem fibra por um preço muito menor do que eu pago aqui há anos. Atendente: Posso ajudar em algo mais? Cliente: Por enquanto é só.,2025-09-01 17:19:05
CLI037,Marcos Souza,"Atendente: Central de relacionamento, boa tarde. Cliente: Quero cancelar meu plano hoje. Atendente: Qual seria o motivo? Cliente: A outra operadora instalou fibra na minha rua e o serviço deles é muito superior ao de vocês. Atendente: Posso ajudar em algo mais? Cliente: Por enquanto é só.",2025-09-08 09:35:48
CLI037,Marcos Souza,"Atendente: Boa tarde, em que posso ser útil? Cliente: Vou trocar de operadora. Atendente: Podemos tentar cobrir a oferta? Cliente: Não tenho mais interesse, já agendei a instalação com a concorrente para amanhã. Atendente: O protocolo é 202511098. Cliente: Ok, anotado.",2025-09-15 17:38:50
CLI037,Marcos Souza,"Atendente: Olá, como posso ajudar? Cliente: Estou insatisfeito com o custo-benefício daqui. Atendente: Posso oferecer um upgrade? Cliente: A operadora vizinha me ofereceu 6 meses de desconto e instalação grátis. Não tem como competir. Cliente: Isso é o que todos dizem.",2025-11-08 11:49:33
CLI037,Marcos Souza,"Atendente: Como posso ajudar? Cliente: Recebi uma proposta da concorrência com o dobro da velocidade. Atendente: Qual o valor oferecido? Cliente: Eles oferecem fibra por um preço muito menor do que eu pago aqui há anos. Atendente: O protocolo é 202511098. Cliente: Ok, anotado.",2025-11-21 15:58:28
CLI038,Ricardo Azevedo,Atendente: Como posso ajudar? Cliente: Recebi uma proposta da concorrência com o dobro da velocidade. Atendente: Qual o valor oferecido? Cliente: Eles oferecem fibra por um preço muito menor do que eu pago aqui há anos. Atendente: Posso ajudar em algo mais? Cliente: Por enquanto é só.,2025-08-24 18:13:16
CLI038,Ricardo Azevedo,"Atendente: Central de relacionamento, boa tarde. Cliente: Quero cancelar meu plano hoje. Atendente: Qual seria o motivo? Cliente: A outra operadora instalou fibra na minha rua e o serviço deles é muito superior ao de vocês.",2025-08-25 09:10:15
CLI038,Ricardo Azevedo,"Atendente: Boa tarde, em que posso ser útil? Cliente: Vou trocar de operadora. Atendente: Podemos tentar cobrir a oferta? Cliente: Não tenho mais interesse, já agendei a instalação com a concorrente para amanhã. Atendente: Posso ajudar em algo mais? Cliente: Por enquanto é só.",2025-10-30 16:04:10
CLI038,Ricardo Azevedo,"Atendente: Olá, como posso ajudar? Cliente: Estou insatisfeito com o custo-benefício daqui. Atendente: Posso oferecer um upgrade? Cliente: A operadora vizinha me ofereceu 6 meses de desconto e instalação grátis. Não tem como competir. Cliente: Vou pensar melhor no que fazer.",2025-11-04 14:28:44
CLI039,Gabriel Gomes,"Atendente: Central de atendimento, em que posso ser útil? Cliente: Estou há mais de uma hora esperando para ser transferido. Atendente: Pedimos desculpas pela demora. Cliente: É um desrespeito com o consumidor, parece que vocês não querem resolver o problema. Atendente: Posso ajudar em algo mais? Cliente: Por enquanto é só.",2025-10-17 12:50:50
CLI039,Gabriel Gomes,"Atendente: Boa tarde, como posso ajudar? Cliente: Estou ligando para reclamar do atendimento que recebi ontem. Atendente: O que aconteceu? Cliente: O atendente foi grosseiro e desligou o telefone na minha cara.",2025-10-17 15:04:43
CLI040,Priscila Azevedo,"Atendente: Como posso auxiliar hoje? Cliente: Estou passando por dificuldades e preciso reduzir minha conta. Atendente: Temos planos mais básicos. Cliente: No momento nem o básico eu consigo pagar, estou desempregado.",2025-09-08 10:58:17
CLI040,Priscila Azevedo,"Atendente: Boa tarde, em que posso ajudar? Cliente: Preciso cancelar os canais extras. Atendente: Algum motivo específico? Cliente: Corte de gastos em casa, a situação está apertada e preciso economizar. Atendente: Posso ajudar em algo mais? Cliente: Por enquanto é só.",2025-10-19 09:03:10
CLI040,Priscila Azevedo,"Atendente: Como posso auxiliar hoje? Cliente: Estou passando por dificuldades e preciso reduzir minha conta. Atendente: Temos planos mais básicos. Cliente: No momento nem o básico eu consigo pagar, estou desempregado. Cliente: Aguardo uma solução até amanhã.",2025-11-02 17:47:52
CLI041,Renata Santos,Atendente: Como posso ajudar? Cliente: Recebi uma proposta da concorrência com o dobro da velocidade. Atendente: Qual o valor oferecido? Cliente: Eles oferecem fibra por um preço muito menor do que eu pago aqui há anos.,2025-08-19 14:17:32
CLI041,Renata Santos,"Atendente: Central de relacionamento, boa tarde. Cliente: Quero cancelar meu plano hoje. Atendente: Qual seria o motivo? Cliente: A outra operadora instalou fibra na minha rua e o serviço deles é muito superior ao de vocês. Cliente: Isso é o que todos dizem.",2025-10-08 15:28:05
CLI042,Gabriel Alves,Atendente: Como posso ajudar? Cliente: Recebi uma proposta da concorrência com o dobro da velocidade. Atendente: Qual o valor oferecido? Cliente: Eles oferecem fibra por um preço muito menor do que eu pago aqui há anos. Cliente: Isso é o que todos dizem.,2025-08-25 08:48:43
CLI042,Gabriel Alves,"Atendente: Central de relacionamento, boa tarde. Cliente: Quero cancelar meu plano hoje. Atendente: Qual seria o motivo? Cliente: A outra operadora instalou fibra na minha rua e o serviço deles é muito superior ao de vocês. Cliente: Aguardo uma solução até amanhã.",2025-09-03 17:02:48
CLI042,Gabriel Alves,"Atendente: Boa tarde, em que posso ser útil? Cliente: Vou trocar de operadora. Atendente: Podemos tentar cobrir a oferta? Cliente: Não tenho mais interesse, já agendei a instalação com a concorrente para amanhã. Atendente: Posso ajudar em algo mais? Cliente: Por enquanto é só.",2025-09-07 15:33:41
CLI042,Gabriel Alves,"Atendente: Olá, como posso ajudar? Cliente: Estou insatisfeito com o custo-benefício daqui. Atendente: Posso oferecer um upgrade? Cliente: A operadora vizinha me ofereceu 6 meses de desconto e instalação grátis. Não tem como competir. Atendente: O protocolo é 202511098. Cliente: Ok, anotado.",2025-10-18 12:11:37
CLI042,Gabriel Alves,"Atendente: Como posso ajudar? Cliente: Recebi uma proposta da concorrência com o dobro da velocidade. Atendente: Qual o valor oferecido? Cliente: Eles oferecem fibra por um preço muito menor do que eu pago aqui há anos. Atendente: O protocolo é 202511098. Cliente: Ok, anotado.",2025-10-21 18:52:31
CLI042,Gabriel Alves,"Atendente: Central de relacionamento, boa tarde. Cliente: Quero cancelar meu plano hoje. Atendente: Qual seria o motivo? Cliente: A outra operadora instalou fibra na minha rua e o serviço deles é muito superior ao de vocês. Cliente: Vou pensar melhor no que fazer.",2025-11-08 15:22:26
CLI042,Gabriel Alves,"Atendente: Boa tarde, em que posso ser útil? Cliente: Vou trocar de operadora. Atendente: Podemos tentar cobrir a oferta? Cliente: Não tenho mais interesse, já agendei a instalação com a concorrente para amanhã. Cliente: Aguardo uma solução até amanhã.",2025-11-16 13:42:06
CLI043,Rafael Rocha,"Atendente: Boa tarde, como posso ajudar? Cliente: Estou ligando para reclamar do atendimento que recebi ontem. Atendente: O que aconteceu? Cliente: O atendente foi grosseiro e desligou o telefone na minha cara. Cliente: Vou pensar melhor no que fazer.",2025-08-15 15:05:20
CLI043,Rafael Rocha,"Atendente: Central de atendimento, em que posso ser útil? Cliente: Estou há mais de uma hora esperando para ser transferido. Atendente: Pedimos desculpas pela demora. Cliente: É um desrespeito com o consumidor, parece que vocês não querem resolver o problema. Cliente: Aguardo uma solução até amanhã.",2025-08-29 13:07:49
CLI043,Rafael Rocha,"Atendente: Olá, como posso auxiliar? Cliente: Preciso falar com um supervisor urgente. Atendente: Posso tentar resolver primeiro? Cliente: Não, já expliquei meu caso para cinco pessoas diferentes hoje e ninguém faz nada. Atendente: O protocolo é 202511098. Cliente: Ok, anotado.",2025-09-05 16:52:00
CLI043,Rafael Rocha,"Atendente: Boa tarde, suporte ao cliente. Cliente: Vocês nunca registram o que eu falo no histórico. Atendente: Vou verificar as notas aqui. Cliente: Toda vez que ligo tenho que explicar tudo do zero. É um desgaste total.",2025-09-17 16:29:26
CLI043,Rafael Rocha,"Atendente: Boa tarde, como posso ajudar? Cliente: Estou ligando para reclamar do atendimento que recebi ontem. Atendente: O que aconteceu? Cliente: O atendente foi grosseiro e desligou o telefone na minha cara. Cliente: Vou pensar melhor no que fazer.",2025-10-02 11:33:23
